semente,episodio,recompensa
0,1,-3382.0
0,2,-3058.0
0,3,-5918.0
0,4,-3460.0
0,5,-3276.0
0,6,-3659.0
0,7,-3244.0
0,8,-4368.0
0,9,-3981.0
0,10,-3249.0
0,11,-3616.0
0,12,-3916.0
0,13,-3318.0
0,14,-3744.0
0,15,-4107.0
0,16,-5793.0
0,17,-3603.0
0,18,-4082.0
0,19,-3628.0
0,20,-3032.0
0,21,-5148.0
0,22,-4392.0
0,23,-4191.0
0,24,-3827.0
0,25,-3539.0
0,26,-2883.0
0,27,-3233.0
0,28,-3387.0
0,29,-3023.0
0,30,-3767.0
0,31,-5969.0
0,32,-3503.0
0,33,-3277.0
0,34,-3275.0
0,35,-3129.0
0,36,-2767.0
0,37,-2525.0
0,38,-3727.0
0,39,-4703.0
0,40,-2979.0
0,41,-3299.0
0,42,-3192.0
0,43,-2858.0
0,44,-2350.0
0,45,-2999.0
0,46,-3408.0
0,47,-3072.0
0,48,-3578.0
0,49,-2907.0
0,50,-3964.0
0,51,-3135.0
0,52,-2118.0
0,53,-4074.0
0,54,-3620.0
0,55,-3448.0
0,56,-2510.0
0,57,-3854.0
0,58,-3485.0
0,59,-2249.0
0,60,-2926.0
0,61,-3304.0
0,62,-3155.0
0,63,-3233.0
0,64,-2653.0
0,65,-3219.0
0,66,-3843.0
0,67,-3128.0
0,68,-2291.0
0,69,-3280.0
0,70,-2654.0
0,71,-3389.0
0,72,-2966.0
0,73,-2753.0
0,74,-3807.0
0,75,-2189.0
0,76,-3117.0
0,77,-3747.0
0,78,-3718.0
0,79,-3246.0
0,80,-3354.0
0,81,-2604.0
0,82,-2875.0
0,83,-3296.0
0,84,-3407.0
0,85,-2385.0
0,86,-2646.0
0,87,-2668.0
0,88,-2842.0
0,89,-2429.0
0,90,-2373.0
0,91,-2195.0
0,92,-3062.0
0,93,-3007.0
0,94,-2841.0
0,95,-2607.0
0,96,-3090.0
0,97,-2221.0
0,98,-2939.0
0,99,-2884.0
0,100,-2378.0
1,1,-2976.0
1,2,-3833.0
1,3,-2543.0
1,4,-3998.0
1,5,-3513.0
1,6,-3011.0
1,7,-5532.0
1,8,-3302.0
1,9,-3595.0
1,10,-3618.0
1,11,-2926.0
1,12,-4092.0
1,13,-3005.0
1,14,-2789.0
1,15,-3453.0
1,16,-4234.0
1,17,-3852.0
1,18,-3216.0
1,19,-3551.0
1,20,-3420.0
1,21,-2567.0
1,22,-3179.0
1,23,-3092.0
1,24,-3507.0
1,25,-3901.0
1,26,-4160.0
1,27,-3313.0
1,28,-4074.0
1,29,-3433.0
1,30,-4199.0
1,31,-2739.0
1,32,-3538.0
1,33,-3265.0
1,34,-3865.0
1,35,-2746.0
1,36,-3123.0
1,37,-2798.0
1,38,-4559.0
1,39,-2999.0
1,40,-2437.0
1,41,-3086.0
1,42,-3738.0
1,43,-3676.0
1,44,-3286.0
1,45,-2741.0
1,46,-3965.0
1,47,-4045.0
1,48,-3444.0
1,49,-3255.0
1,50,-3710.0
1,51,-2874.0
1,52,-2219.0
1,53,-3363.0
1,54,-4006.0
1,55,-2622.0
1,56,-2857.0
1,57,-4032.0
1,58,-3264.0
1,59,-2556.0
1,60,-3039.0
1,61,-3418.0
1,62,-3055.0
1,63,-3147.0
1,64,-3694.0
1,65,-2971.0
1,66,-2919.0
1,67,-2465.0
1,68,-2252.0
1,69,-3065.0
1,70,-3819.0
1,71,-3115.0
1,72,-3370.0
1,73,-2733.0
1,74,-3038.0
1,75,-3455.0
1,76,-2623.0
1,77,-2683.0
1,78,-2729.0
1,79,-2848.0
1,80,-2777.0
1,81,-2164.0
1,82,-2901.0
1,83,-1657.0
1,84,-2627.0
1,85,-2829.0
1,86,-2561.0
1,87,-3163.0
1,88,-3517.0
1,89,-2227.0
1,90,-3033.0
1,91,-2542.0
1,92,-2682.0
1,93,-2394.0
1,94,-2759.0
1,95,-2868.0
1,96,-2648.0
1,97,-2657.0
1,98,-2512.0
1,99,-4473.0
1,100,-2683.0
2,1,-4621.0
2,2,-3210.0
2,3,-2705.0
2,4,-3358.0
2,5,-5218.0
2,6,-4986.0
2,7,-4520.0
2,8,-3798.0
2,9,-3128.0
2,10,-3721.0
2,11,-4095.0
2,12,-3043.0
2,13,-5003.0
2,14,-3242.0
2,15,-3937.0
2,16,-2842.0
2,17,-3530.0
2,18,-3649.0
2,19,-4532.0
2,20,-3349.0
2,21,-4296.0
2,22,-3949.0
2,23,-4250.0
2,24,-5288.0
2,25,-2392.0
2,26,-3247.0
2,27,-3872.0
2,28,-3574.0
2,29,-3007.0
2,30,-3576.0
2,31,-3326.0
2,32,-3313.0
2,33,-3636.0
2,34,-3793.0
2,35,-2554.0
2,36,-2180.0
2,37,-3395.0
2,38,-3626.0
2,39,-4080.0
2,40,-3723.0
2,41,-3697.0
2,42,-4712.0
2,43,-2454.0
2,44,-3730.0
2,45,-2831.0
2,46,-2332.0
2,47,-3842.0
2,48,-3663.0
2,49,-3276.0
2,50,-3304.0
2,51,-3432.0
2,52,-3500.0
2,53,-4616.0
2,54,-3446.0
2,55,-2380.0
2,56,-3411.0
2,57,-2544.0
2,58,-2490.0
2,59,-3392.0
2,60,-3862.0
2,61,-2765.0
2,62,-2897.0
2,63,-2495.0
2,64,-2915.0
2,65,-3331.0
2,66,-2861.0
2,67,-3004.0
2,68,-2650.0
2,69,-3076.0
2,70,-2540.0
2,71,-2415.0
2,72,-2284.0
2,73,-2862.0
2,74,-2900.0
2,75,-2547.0
2,76,-2510.0
2,77,-2998.0
2,78,-2864.0
2,79,-2464.0
2,80,-2278.0
2,81,-3505.0
2,82,-2999.0
2,83,-3105.0
2,84,-3022.0
2,85,-2818.0
2,86,-2851.0
2,87,-2634.0
2,88,-2268.0
2,89,-2815.0
2,90,-2659.0
2,91,-4997.0
2,92,-3114.0
2,93,-2606.0
2,94,-3274.0
2,95,-2736.0
2,96,-3558.0
2,97,-2745.0
2,98,-2967.0
2,99,-3685.0
2,100,-3833.0
3,1,-4196.0
3,2,-4932.0
3,3,-5705.0
3,4,-3801.0
3,5,-2840.0
3,6,-4049.0
3,7,-4553.0
3,8,-3797.0
3,9,-4024.0
3,10,-4294.0
3,11,-3492.0
3,12,-3910.0
3,13,-3292.0
3,14,-3249.0
3,15,-3714.0
3,16,-5039.0
3,17,-5053.0
3,18,-2553.0
3,19,-3620.0
3,20,-3331.0
3,21,-2454.0
3,22,-4032.0
3,23,-4242.0
3,24,-3981.0
3,25,-3977.0
3,26,-4354.0
3,27,-3872.0
3,28,-2633.0
3,29,-4402.0
3,30,-3912.0
3,31,-4168.0
3,32,-2723.0
3,33,-2378.0
3,34,-2688.0
3,35,-2547.0
3,36,-2766.0
3,37,-4465.0
3,38,-3862.0
3,39,-3608.0
3,40,-3826.0
3,41,-3308.0
3,42,-3451.0
3,43,-2221.0
3,44,-3495.0
3,45,-3570.0
3,46,-3041.0
3,47,-3305.0
3,48,-3365.0
3,49,-2686.0
3,50,-2851.0
3,51,-2883.0
3,52,-3759.0
3,53,-3220.0
3,54,-3243.0
3,55,-3688.0
3,56,-3788.0
3,57,-3175.0
3,58,-2927.0
3,59,-2503.0
3,60,-2322.0
3,61,-2636.0
3,62,-2944.0
3,63,-3429.0
3,64,-2535.0
3,65,-4965.0
3,66,-3349.0
3,67,-3086.0
3,68,-3267.0
3,69,-2782.0
3,70,-2579.0
3,71,-2772.0
3,72,-2593.0
3,73,-2539.0
3,74,-2798.0
3,75,-2547.0
3,76,-2409.0
3,77,-2910.0
3,78,-3149.0
3,79,-2993.0
3,80,-3049.0
3,81,-2133.0
3,82,-2769.0
3,83,-4151.0
3,84,-2892.0
3,85,-2303.0
3,86,-2413.0
3,87,-2709.0
3,88,-2788.0
3,89,-2748.0
3,90,-3337.0
3,91,-2961.0
3,92,-3251.0
3,93,-2772.0
3,94,-2694.0
3,95,-2240.0
3,96,-3780.0
3,97,-2978.0
3,98,-2735.0
3,99,-3285.0
3,100,-3141.0
4,1,-4033.0
4,2,-3585.0
4,3,-4156.0
4,4,-4262.0
4,5,-3779.0
4,6,-3808.0
4,7,-3634.0
4,8,-4234.0
4,9,-4192.0
4,10,-4456.0
4,11,-3549.0
4,12,-3021.0
4,13,-3618.0
4,14,-3813.0
4,15,-4808.0
4,16,-4347.0
4,17,-4189.0
4,18,-4071.0
4,19,-5369.0
4,20,-3305.0
4,21,-3749.0
4,22,-4272.0
4,23,-3677.0
4,24,-4642.0
4,25,-4140.0
4,26,-3061.0
4,27,-4611.0
4,28,-2976.0
4,29,-2974.0
4,30,-3822.0
4,31,-4875.0
4,32,-3780.0
4,33,-3427.0
4,34,-3626.0
4,35,-5011.0
4,36,-3180.0
4,37,-3612.0
4,38,-3162.0
4,39,-2016.0
4,40,-3443.0
4,41,-4162.0
4,42,-4110.0
4,43,-3312.0
4,44,-2795.0
4,45,-3053.0
4,46,-3041.0
4,47,-3532.0
4,48,-4380.0
4,49,-3239.0
4,50,-3754.0
4,51,-3163.0
4,52,-3663.0
4,53,-1819.0
4,54,-3430.0
4,55,-3636.0
4,56,-4125.0
4,57,-3277.0
4,58,-3055.0
4,59,-2955.0
4,60,-2826.0
4,61,-2513.0
4,62,-3043.0
4,63,-2187.0
4,64,-2963.0
4,65,-3029.0
4,66,-2249.0
4,67,-2655.0
4,68,-4743.0
4,69,-3598.0
4,70,-2693.0
4,71,-3550.0
4,72,-3184.0
4,73,-2432.0
4,74,-2994.0
4,75,-2973.0
4,76,-2546.0
4,77,-3264.0
4,78,-2064.0
4,79,-2800.0
4,80,-2897.0
4,81,-3135.0
4,82,-2466.0
4,83,-3545.0
4,84,-2669.0
4,85,-2502.0
4,86,-3551.0
4,87,-2948.0
4,88,-2537.0
4,89,-2421.0
4,90,-2905.0
4,91,-2730.0
4,92,-2884.0
4,93,-2916.0
4,94,-2383.0
4,95,-2350.0
4,96,-2286.0
4,97,-2783.0
4,98,-3035.0
4,99,-2526.0
4,100,-3270.0
